{"cameraMode":{"drawMode":0,"name":"Shaded","section":"Shading Mode"},"sceneLighting":false,"audioPlay":false,"sceneViewState":{"m_AlwaysRefresh":false,"showFog":true,"showSkybox":false,"showFlares":true,"showImageEffects":true,"showParticleSystems":true,"showVisualEffectGraphs":true,"m_FxEnabled":true},"in2DMode":false,"pivot":{"x":-2.2662253379821779,"y":1.5000452995300294,"z":-7.200061321258545},"rotation":{"x":0.22305701673030854,"y":-0.7146191000938416,"z":0.26166051626205447,"w":0.6091532707214356},"size":3.3863930702209474,"orthographic":false}