{"cameraMode":{"drawMode":0,"name":"Shaded","section":"Shading Mode"},"sceneLighting":false,"audioPlay":false,"sceneViewState":{"m_AlwaysRefresh":false,"showFog":true,"showSkybox":false,"showFlares":true,"showImageEffects":true,"showParticleSystems":true,"showVisualEffectGraphs":true,"m_FxEnabled":true},"in2DMode":false,"pivot":{"x":22.09718132019043,"y":1.4438841342926026,"z":19.225479125976564},"rotation":{"x":-0.024808594956994058,"y":-0.9469549059867859,"z":0.07544203847646713,"w":-0.31140002608299258},"size":2.265784978866577,"orthographic":true}