{"cameraMode":{"drawMode":0,"name":"Shaded","section":"Shading Mode"},"sceneLighting":true,"audioPlay":false,"sceneViewState":{"m_AlwaysRefresh":false,"showFog":true,"showSkybox":true,"showFlares":true,"showImageEffects":true,"showParticleSystems":true,"showVisualEffectGraphs":true,"m_FxEnabled":true},"in2DMode":false,"pivot":{"x":-1.0673274993896485,"y":0.3644317388534546,"z":-0.4321942925453186},"rotation":{"x":0.12763825058937074,"y":-0.6954860091209412,"z":0.12763340771198274,"w":0.6954866647720337},"size":2.2790749073028566,"orthographic":false}