{"cameraMode":{"drawMode":0,"name":"Shaded","section":"Shading Mode"},"sceneLighting":true,"audioPlay":false,"sceneViewState":{"m_AlwaysRefresh":false,"showFog":true,"showSkybox":true,"showFlares":true,"showImageEffects":true,"showParticleSystems":true,"showVisualEffectGraphs":true,"m_FxEnabled":true},"in2DMode":false,"pivot":{"x":373.60430908203127,"y":282.69000244140627,"z":407.89300537109377},"rotation":{"x":-0.026987969875335695,"y":0.025487983599305154,"z":0.0006883488385938108,"w":0.9993111491203308},"size":368.8983459472656,"orthographic":false}