{"cameraMode":{"drawMode":0,"name":"Shaded","section":"Shading Mode"},"sceneLighting":true,"audioPlay":false,"sceneViewState":{"m_AlwaysRefresh":false,"showFog":true,"showSkybox":true,"showFlares":true,"showImageEffects":true,"showParticleSystems":true,"showVisualEffectGraphs":true,"m_FxEnabled":true},"in2DMode":false,"pivot":{"x":0.5094515681266785,"y":1.192812442779541,"z":-1.436085820198059},"rotation":{"x":0.15505051612854005,"y":-0.06307832896709442,"z":0.009920001961290837,"w":0.985837996006012},"size":0.7583178877830505,"orthographic":false}