{"cameraMode":{"drawMode":0,"name":"Shaded","section":"Shading Mode"},"sceneLighting":false,"audioPlay":false,"sceneViewState":{"m_AlwaysRefresh":false,"showFog":true,"showSkybox":false,"showFlares":true,"showImageEffects":true,"showParticleSystems":true,"showVisualEffectGraphs":true,"m_FxEnabled":true},"in2DMode":false,"pivot":{"x":-17.22627830505371,"y":101.9540786743164,"z":-2.9565842151641847},"rotation":{"x":0.04462822154164314,"y":0.1255398690700531,"z":-0.005653137806802988,"w":0.9910690188407898},"size":0.9343199729919434,"orthographic":true}