{"cameraMode":{"drawMode":0,"name":"Shaded","section":"Shading Mode"},"sceneLighting":false,"audioPlay":false,"sceneViewState":{"m_AlwaysRefresh":false,"showFog":true,"showSkybox":false,"showFlares":true,"showImageEffects":true,"showParticleSystems":true,"showVisualEffectGraphs":true,"m_FxEnabled":true},"in2DMode":false,"pivot":{"x":-17.22627830505371,"y":101.9540786743164,"z":-2.9565842151641847},"rotation":{"x":-0.01799660734832287,"y":0.016496628522872926,"z":0.0002969785709865391,"w":0.999703049659729},"size":0.9343199729919434,"orthographic":true}