{"cameraMode":{"drawMode":0,"name":"Shaded","section":"Shading Mode"},"sceneLighting":false,"audioPlay":false,"sceneViewState":{"m_AlwaysRefresh":false,"showFog":true,"showSkybox":false,"showFlares":true,"showImageEffects":true,"showParticleSystems":true,"showVisualEffectGraphs":true,"m_FxEnabled":true},"in2DMode":false,"pivot":{"x":0.337504506111145,"y":0.20070256292819978,"z":0.009052075445652008},"rotation":{"x":0.12686078250408173,"y":-0.6422826051712036,"z":0.10893025994300842,"w":0.7480059862136841},"size":0.4987848103046417,"orthographic":true}