{"cameraMode":{"drawMode":0,"name":"Shaded","section":"Shading Mode"},"sceneLighting":false,"audioPlay":false,"sceneViewState":{"m_AlwaysRefresh":false,"showFog":true,"showSkybox":false,"showFlares":true,"showImageEffects":true,"showParticleSystems":true,"showVisualEffectGraphs":true,"m_FxEnabled":true},"in2DMode":false,"pivot":{"x":-0.0002671480178833008,"y":0.23316991329193116,"z":34.08817672729492},"rotation":{"x":0.050579991191625598,"y":-0.9408777356147766,"z":0.16247697174549104,"w":0.29290056228637698},"size":0.8449814915657044,"orthographic":true}